Name,Location
Igor Issacs,Williams 329
Robert Reed,Job 136
Vincent Vickers,Gannett 136
Tim Teebert,Job 138
Ed Elis,Williams 324
Samantha Stewart,Job 137
Jenna Johnston,Williams 330
Willow Weeder,Job 141
Beverly Beaker,Job 135
Beverly Baker,Williams 321
Lora Lax,Gannett 321
Vincent Price,Job 142
Quin Queen,Job 135
Greg Garber,Williams 327
Fiona Finkelstein,Williams 326
Nora Neider,Williams 334
Karl Kraft,Gannett 334
Nathan Olsen,Williams 335
Ursula Umber,Job 139
Adam Ang,Williams  322
Yalonda Yas,Job 143
Matt Zimba,Job 144
Mark Mara,Williams 333
Dana Darl,Gannett 144
Helen Hart,Williams 328
